Reference,SiteID,DB_version,Contact,license,Other repository/location,PrimaryPaper,SecondaryPaper,Type,Latitude,Longitude,Start_Date,End_Date,Measurement_method,Trt_#,Treatment,Treatment_Description,avgN_applied,N type,Sampled_days,Missing_days,PercGap,Envir_factors,Notes
datalibrarian.158,Kingaroy,1,Max.DeAntoni@des.qld.gov.au,CC-BY,http://www.N2O.net.au/knb/metacat/datalibrarian.158.12/html,https://doi.org/10.1016/j.agee.2015.02.007,NA,cropland,-26.58,151.83,12/12/2012,9/19/2013,auto chamber,4,legume.70n,"Sorghum in legume ley pasture-cereal rotation, sorghum fertilised with a total of 70 Kg N ha-1",70,urea,282,0,0,"tavg, tmin, tmax, soil.temp, rain, rain.irrigation, WFPS, NO3, NH4, co2",soilN unit is kg N/ha
datalibrarian.158,Kingaroy,1,Max.DeAntoni@des.qld.gov.au,CC-BY,http://www.N2O.net.au/knb/metacat/datalibrarian.158.12/html,https://doi.org/10.1016/j.agee.2015.02.007,NA,cropland,-26.58,151.83,12/12/2012,9/19/2013,auto chamber,4,legume.0n,"Sorghum in legume ley pasture-cereal rotation, no fertilisation",0,NA,282,0,0,"tavg, tmin, tmax, soil.temp, rain, rain.irrigation, WFPS, NO3, NH4, co2",NA
datalibrarian.158,Kingaroy,1,Max.DeAntoni@des.qld.gov.au,CC-BY,http://www.N2O.net.au/knb/metacat/datalibrarian.158.12/html,https://doi.org/10.1016/j.agee.2015.02.007,NA,cropland,-26.58,151.83,12/12/2012,9/19/2013,auto chamber,4,grass.100n,"Sorghum in grass ley pasture-cereal rotation, sorghum fertilised with a total of 100 Kg N ha-1",100,urea,282,0,0,"tavg, tmin, tmax, soil.temp, rain, rain.irrigation, WFPS, NO3, NH4, co2",NA
datalibrarian.158,Kingaroy,1,Max.DeAntoni@des.qld.gov.au,CC-BY,http://www.N2O.net.au/knb/metacat/datalibrarian.158.12/html,https://doi.org/10.1016/j.agee.2015.02.007,NA,cropland,-26.58,151.83,12/12/2012,9/19/2013,auto chamber,4,grass.0n,"Sorghum in grass ley pasture-cereal rotation, no fertilisation",0,NA,282,0,0,"tavg, tmin, tmax, soil.temp, rain, rain.irrigation, WFPS, NO3, NH4, co2",NA
deantoni,Kingaroy,1,Max.DeAntoni@des.qld.gov.au,CC-BY,http://www.n2o.net.au/knb/metacat/deantoni.4.28/html,https://doi.org/10.1016/j.agee.2014.01.016,NA,cropland,-26.582,151.829,7/8/2011,6/20/2012,auto chamber,4,cnt,"control treatment, 0 kg N/ha applied",40,Urea,276,72,0.206303725,"tavg, tmin, tmax, rain, rain.irrigation, soilT, NO3, NO4, WFPS",this combines deantoni.4 and deantoni.8
deantoni,Kingaroy,1,Max.DeAntoni@des.qld.gov.au,CC-BY,http://www.n2o.net.au/knb/metacat/deantoni.4.28/html,https://doi.org/10.1016/j.agee.2014.01.016,NA,cropland,-26.582,151.829,7/8/2011,6/20/2012,auto chamber,4,rfr,"sub-optimal N rate, 20 kg N/ha conv urea applied",120,Urea,273,75,0.214899713,"tavg, tmin, tmax, rain, rain.irrigation, soilT, NO3, NO4, WFPS",NA
deantoni,Kingaroy,1,Max.DeAntoni@des.qld.gov.au,CC-BY,http://www.n2o.net.au/knb/metacat/deantoni.4.28/html,https://doi.org/10.1016/j.agee.2014.01.016,NA,cropland,-26.582,151.829,7/8/2011,6/20/2012,auto chamber,4,conv,"optimal N rate, 80 kg N/ha conv urea applied",240,Urea,278,70,0.200573066,"tavg, tmin, tmax, rain, rain.irrigation, soilT, NO3, NO4, WFPS",NA
deantoni,Kingaroy,1,Max.DeAntoni@des.qld.gov.au,CC-BY,http://www.n2o.net.au/knb/metacat/deantoni.4.28/html,https://doi.org/10.1016/j.agee.2014.01.016,NA,cropland,-26.582,151.829,7/8/2011,6/20/2012,auto chamber,4,conv-dmpp,"optimal N rate, 80 kg N/ha DMPP urea applied",240,Urea plus DMPP,275,73,0.209169054,"tavg, tmin, tmax, rain, rain.irrigation, soilT, NO3, NO4, WFPS",NA
scheer.11,Kingsthorpe,1,clemens.scheer@kit.edu,CC-BY,http://www.n2o.net.au/knb/metacat/scheer.11.25/html,https://doi.org/10.1007/s11104-012-1197-4,http://dx.doi.org/10.1016/j.agee.2015.11.008,cropland,-27.48,151.81,6/12/2009,10/26/2009,auto chamber,3,KT_50%_irrigation,fully irrigated- crop irrigation is stimulated when fifty percent of the plants available water capacity is depleted,200,Urea,95,41,0.299270073,"fert, rain, rain.irrigat, WFPS",NA
scheer.11,Kingsthorpe,1,clemens.scheer@kit.edu,CC-BY,http://www.n2o.net.au/knb/metacat/scheer.11.25/html,https://doi.org/10.1007/s11104-012-1197-4,http://dx.doi.org/10.1016/j.agee.2015.11.008,cropland,-27.48,151.81,6/12/2009,10/26/2009,auto chamber,3,KT_60%_irrigation,deficit irrigated- crop irrigation is stimulated when sixty percent of the plants available water capacity is depleted,200,Urea,92,44,0.321167883,"fert, rain, rain.irrigat, WFPS",NA
scheer.11,Kingsthorpe,1,clemens.scheer@kit.edu,CC-BY,http://www.n2o.net.au/knb/metacat/scheer.11.25/html,https://doi.org/10.1007/s11104-012-1197-4,http://dx.doi.org/10.1016/j.agee.2015.11.008,cropland,-27.48,151.81,6/12/2009,10/26/2009,auto chamber,3,KT_85%_irrigation,deficit irrigated three- crop irrigation is stimulated when eighty five percent of the plants available water capacity is depleted,200,Urea,95,41,0.299270073,"fert, rain, rain.irrigat, WFPS",NA
scheer.14,Kingsthorpe,1,clemens.scheer@kit.edu,CC-BY,http://www.n2o.net.au/knb/metacat/scheer.14.18/html,https://doi.org/10.1007/s10705-012-9547-4,NA,cropland,-27.48,151.81,11/17/2009,5/20/2010,auto chamber,3,KT_50%_irrigation,fully irrigated- crop irrigation is stimulated when fifty percent of the plants available water capacity is depleted,200,Urea,155,29,0.156756757,"rain, rain.irrigat, soilt, wfps, NH4, NO3, co2",NA
scheer.14,Kingsthorpe,1,clemens.scheer@kit.edu,CC-BY,http://www.n2o.net.au/knb/metacat/scheer.14.18/html,https://doi.org/10.1007/s10705-012-9547-4,NA,cropland,-27.48,151.81,11/17/2009,5/20/2010,auto chamber,3,KT_60%_irrigation,deficit irrigated- crop irrigation is stimulated when sixty percent of the plants available water capacity is depleted,200,Urea,156,28,0.151351351,"rain, rain.irrigat, soilt, wfps, NH4, NO3, co2",NA
scheer.14,Kingsthorpe,1,clemens.scheer@kit.edu,CC-BY,http://www.n2o.net.au/knb/metacat/scheer.14.18/html,https://doi.org/10.1007/s10705-012-9547-4,NA,cropland,-27.48,151.81,11/17/2009,5/20/2010,auto chamber,3,KT_85%_irrigation,deficit irrigated three- crop irrigation is stimulated when eighty five percent of the plants available water capacity is depleted,200,Urea,154,30,0.162162162,"rain, rain.irrigat, soilt, wfps, NH4, NO3, co2",NA
scheer.inhib,Kingsthorpe,1,clemens.scheer@kit.edu,CC-BY,NA,https://doi.org/10.1071/SR15332,NA,cropland,-27.31,151.47,11/1/2012,11/7/2013,auto chamber,5,Entec,urea + DMPP,170,urea and DMPP,341,30,0.080645161,"tmax, tmin, rain, evap, rad, soilt, soilm",NA
scheer.inhib,Kingsthorpe,1,clemens.scheer@kit.edu,CC-BY,NA,https://doi.org/10.1071/SR15332,NA,cropland,-27.31,151.47,11/1/2012,11/7/2013,auto chamber,5,eNtrench,urea + Nitrapyrin,170,urea and Nitrapyrin,341,30,0.080645161,"tmax, tmin, rain, evap, rad, soilt, soilm",NA
scheer.inhib,Kingsthorpe,1,clemens.scheer@kit.edu,CC-BY,NA,https://doi.org/10.1071/SR15332,NA,cropland,-27.31,151.47,11/1/2012,11/7/2013,auto chamber,5,Poly,PCU_polymer-coated urea,170,polymer urea,341,30,0.080645161,"tmax, tmin, rain, evap, rad, soilt, soilm",NA
scheer.inhib,Kingsthorpe,1,clemens.scheer@kit.edu,CC-BY,NA,https://doi.org/10.1071/SR15332,NA,cropland,-27.31,151.47,11/1/2012,11/7/2013,auto chamber,5,Urea,urea,170,urea,341,30,0.080645161,"tmax, tmin, rain, evap, rad, soilt, soilm",NA
scheer.inhib,Kingsthorpe,1,clemens.scheer@kit.edu,CC-BY,NA,https://doi.org/10.1071/SR15332,NA,cropland,-27.31,151.47,11/1/2012,11/7/2013,auto chamber,5,zeroN,control - 0N,170,NA,341,30,0.080645161,"tmax, tmin, rain, evap, rad, soilt, soilm",NA
Hoeglwald,Hoeglwald,1,klaus.butterbach-bahl@kit.edu,CC-BY,NA,doi.org/10.1029/1999JD900293,doi.org/10.5194/bg-9-1741-2012,forest,48.5,11.17,1/1/1999,12/31/2012,auto chamber,1,spruce,spruce forest,0,NA,4085,1028,0.201016817,"rain, tmax, tmin, tavg, soilt, wfps",NA
kelly.24.27,Terang,1,pr.grace@qut.edu.au,CC-BY,http://www.N2O.net.au/knb/metacat/kelly.24.22/html,NA,NA,grassland,-38.14,142.55,1/1/2009,12/31/2010,auto chamber,4,t3,urine @ 1000 kg N/ha applied 11 September 2009,1000,Urine applied in Sep,413,316,0.433470508,"tmin, tmax, rain, solar, Eto, soilT, soilM, NO3, NH4",NA
kelly.24.27,Terang,1,pr.grace@qut.edu.au,CC-BY,http://www.N2O.net.au/knb/metacat/kelly.24.22/html,NA,NA,grassland,-38.14,142.55,1/1/2009,12/31/2010,auto chamber,4,t4,urine @ 1000 kg N/ha applied 11 September 2009 plus DCD @ 10 kg a.i./ha applied 14 August 2009,1000,Urine in Sep plus DCD applied in Aug,413,316,0.433470508,"tmin, tmax, rain, solar, Eto, soilT, soilM, NO3, NH4",NA
kelly.24.27,Terang,1,pr.grace@qut.edu.au,CC-BY,http://www.N2O.net.au/knb/metacat/kelly.24.22/html,NA,NA,grassland,-38.14,142.55,1/1/2009,12/31/2010,auto chamber,4,t5,urine @ 1000 kg N/ha applied 14 August 2009,1000,Urine applied in Aug,413,316,0.433470508,"tmin, tmax, rain, solar, Eto, soilT, soilM, NO3, NH4",NA
kelly.24.27,Terang,1,pr.grace@qut.edu.au,CC-BY,http://www.N2O.net.au/knb/metacat/kelly.24.22/html,NA,NA,grassland,-38.14,142.55,1/1/2009,12/31/2010,auto chamber,4,t6,urine @ 1000 kg N/ha applied 14 August 2009 plus DCD @ 10 kg a.i./ha applied 14 August 2009,1000,Urine in Aug plus DCD in Aug,413,316,0.433470508,"tmin, tmax, rain, solar, Eto, soilT, soilM, NO3, NH4",NA
kelly.30.33,Terang,1,pr.grace@qut.edu.au,CC-BY,NA,NA,NA,grassland,-38.24,142.92,9/23/2010,10/12/2011,auto chamber,4,t1,nil applied,0,NA,385,0,0,"tmin, tmax, rain, solar, Eto, soilT, soilM, NO3, NH4",NA
kelly.30.33,Terang,1,pr.grace@qut.edu.au,CC-BY,NA,NA,NA,grassland,-38.24,142.92,9/23/2010,10/12/2011,auto chamber,4,t2,"urine @1000 kgN/ha applied to 25% of chamber base 23 Sept 2010, 21 Oct 2010, 10 Nov 2010 and 7 Dec 2010",1000,Urine,385,0,0,"tmin, tmax, rain, solar, Eto, soilT, soilM, NO3, NH4",NA
kelly.30.33,Terang,1,pr.grace@qut.edu.au,CC-BY,NA,NA,NA,grassland,-38.24,142.92,9/23/2010,10/12/2011,auto chamber,4,t3,"urine @ 1000 kg N/ha applied to 25% of the chamber base 23 Sept 2010, 21 Oct 2010, 10 Nov 2010 and 7 Dec 2010 with DCD @10 kg a.i./ha applied 23 Sept 2010",1000,Urine with DCD at the beginning (one time),385,0,0,"tmin, tmax, rain, solar, Eto, soilT, soilM, NO3, NH4",NA
kelly.30.33,Terang,1,pr.grace@qut.edu.au,CC-BY,NA,NA,NA,grassland,-38.24,142.92,9/23/2010,10/12/2011,auto chamber,4,t4,"urine @ 1000 kg N/ha applied to 25% of the chamber base 23 Sept 2010, 21 Oct 2010, 10 Nov 2010 and 7 Dec 2010 with DCD @ 10 kg a.i./ha applied each time",1000,Urine with DCD each time,385,0,0,"tmin, tmax, rain, solar, Eto, soilT, soilM, NO3, NH4",NA
kelly.38,Terang,1,pr.grace@qut.edu.au,CC-BY,http://www.N2O.net.au/knb/metacat/kelly.38.26/html,NA,NA,grassland,-38.24,142.92,9/7/2012,8/14/2013,auto chamber,4,t1,nil applied,0,NA,342,0,0,"tmax, tmin, solar, rain, Eto, soilT, soilM, NO3, NH4",NA
kelly.38,Terang,1,pr.grace@qut.edu.au,CC-BY,http://www.N2O.net.au/knb/metacat/kelly.38.26/html,NA,NA,grassland,-38.24,142.92,9/7/2012,8/14/2013,auto chamber,4,t2,"urine @1000 kgN/ha was original target however urine was only applied three times to 25% of chamber base at each application on 17 Sept 2012, 22 Nov 2012 and 16 May 2013",1000,Urine,342,0,0,"tmax, tmin, solar, rain, Eto, soilT, soilM, NO3, NH4",NA
kelly.38,Terang,1,pr.grace@qut.edu.au,CC-BY,http://www.N2O.net.au/knb/metacat/kelly.38.26/html,NA,NA,grassland,-38.24,142.92,9/7/2012,8/14/2013,auto chamber,4,t3,"urine @ 1000 kg N/ha applied to 25% of the chamber base 17 Sept 2012, 22 Nov 2012 and 16 May 2013 and with DCD @10 kg a.i./ha applied as surface spray on 17 Sept 2012 and again 16 May 2013",1000,Urine plus DCD 10kg a.i./ha,342,0,0,"tmax, tmin, solar, rain, Eto, soilT, soilM, NO3, NH4",NA
kelly.38,Terang,1,pr.grace@qut.edu.au,CC-BY,http://www.N2O.net.au/knb/metacat/kelly.38.26/html,NA,NA,grassland,-38.24,142.92,9/7/2012,8/14/2013,auto chamber,4,t4,"urine @ 1000 kg N/ha applied to 25% of the chamber base 17 Sept 2012, 22 Nov 2012, and 16 May 2013 with DCD is mixed in with urine at each application at a rate equivalent to 20 kg a.i./ha",1000,Urine plus DCD 20 kg a.i./ha,342,0,0,"tmax, tmin, solar, rain, Eto, soilT, soilM, NO3, NH4",NA
kelly.52,Terang,1,pr.grace@qut.edu.au,CC-BY,NA,NA,NA,grassland,-38.24,142.92,8/16/2013,5/21/2014,auto chamber,4,t2,urine @1000 kgN/ha applied 19 September 2013,1000,Urine,279,0,0,"tmin, tmax, solar, rain, Eto, soilt, soilm",NA
kelly.52,Terang,1,pr.grace@qut.edu.au,CC-BY,NA,NA,NA,grassland,-38.24,142.92,8/16/2013,5/21/2014,auto chamber,4,t3,urine @ 1000 kg N/ha applied 19 September 2013 with nitrapyrin sprayed on after application of urine at 1 kg a.i./ha,1000,Urine plus nitrapryin surface applied,279,0,0,"tmin, tmax, solar, rain, Eto, soilt, soilm",NA
kelly.52,Terang,1,pr.grace@qut.edu.au,CC-BY,NA,NA,NA,grassland,-38.24,142.92,8/16/2013,5/21/2014,auto chamber,4,t4,fresh dairy cow dung aiming to apply equivalent to 400 kg N/ha applied as three dung pads as circles each of 0.25 m diameter on 19 September 2013,400,dung,279,0,0,"tmin, tmax, solar, rain, Eto, soilt, soilm",NA
kelly.52,Terang,1,pr.grace@qut.edu.au,CC-BY,NA,NA,NA,grassland,-38.24,142.92,8/16/2013,5/21/2014,auto chamber,4,t1,nil applied,0,NA,279,0,0,"tmin, tmax, solar, rain, Eto, soilt, soilm",NA
barton.79,Buntine,1,louise.barton@uwa.edu.au,CC-BY,http://www.N2O.net.au/knb/metacat/barton.79.104/html,doi.org/10.1016/j.agee.2016.07.004,NA,cropland,-29.987,116.5687,6/7/2012,12/5/2014,auto chamber,4,om.plus.urea,Orgain matter and Urea added,100,urea,847,64,0.07025247,"tmax, tmin, solar, rain, humimax, humimin, wind, soilT5, soilT10, soilT20, NO3, NH4, soilM, DOC, season",NA
barton.79,Buntine,1,louise.barton@uwa.edu.au,CC-BY,http://www.N2O.net.au/knb/metacat/barton.79.104/html,doi.org/10.1016/j.agee.2016.07.004,NA,cropland,-29.987,116.5687,6/7/2012,12/5/2014,auto chamber,4,om.no.urea,"Orgain matter added, no Urea",0,na,845,66,0.072447859,"tmax, tmin, solar, rain, humimax, humimin, wind, soilT5, soilT10, soilT20, NO3, NH4, soilM, DOC, season",NA
barton.79,Buntine,1,louise.barton@uwa.edu.au,CC-BY,http://www.N2O.net.au/knb/metacat/barton.79.104/html,doi.org/10.1016/j.agee.2016.07.004,NA,cropland,-29.987,116.5687,6/7/2012,12/5/2014,auto chamber,4,no.om.no.urea,No organic matter and Urea added,0,na,847,64,0.07025247,"tmax, tmin, solar, rain, humimax, humimin, wind, soilT5, soilT10, soilT20, NO3, NH4, soilM, DOC, season",NA
barton.79,Buntine,1,louise.barton@uwa.edu.au,CC-BY,http://www.N2O.net.au/knb/metacat/barton.79.104/html,doi.org/10.1016/j.agee.2016.07.004,NA,cropland,-29.987,116.5687,6/7/2012,12/5/2014,auto chamber,4,no.om.plus.urea,"Urea added, no organic matter",100,urea,847,64,0.07025247,"tmax, tmin, solar, rain, humimax, humimin, wind, soilT5, soilT10, soilT20, NO3, NH4, soilM, DOC, season",NA
barton.52,Wongan Hills,1,louise.barton@uwa.edu.au,CC-BY,http://www.N2O.net.au/knb/metacat/barton.52.55/html,doi.org/10.1016/j.agee.2013.01.003,NA,cropland,-30.8374,116.7193,6/2/2009,6/8/2011,auto chamber,4,Lime.lw,fertilized lupin-wheat rotation with lime,87,urea,720,16,0.02173913,"tmax, tmin, solar, rain, humimax, humimin, soilT5, soilT10, soilT20, NO3, NH4, WFPS, DOC, pH","two years data, but we could pick up either"
barton.52,Wongan Hills,1,louise.barton@uwa.edu.au,CC-BY,http://www.N2O.net.au/knb/metacat/barton.52.55/html,doi.org/10.1016/j.agee.2013.01.003,NA,cropland,-30.8374,116.7193,6/2/2009,6/8/2011,auto chamber,4,No-Lime.lw,fertilized lupin-wheat rotation no lime,87,urea,721,15,0.020380435,"tmax, tmin, solar, rain, humimax, humimin, soilT5, soilT10, soilT20, NO3, NH4, WFPS, DOC, pH","two years data, but we could pick up either"
barton.52,Wongan Hills,1,louise.barton@uwa.edu.au,CC-BY,http://www.N2O.net.au/knb/metacat/barton.52.55/html,doi.org/10.1016/j.agee.2013.01.003,NA,cropland,-30.8374,116.7193,6/2/2009,6/8/2011,auto chamber,4,Lime.ww,fertilized wheat-wheat rotation with lime,117,urea,722,14,0.019021739,"tmax, tmin, solar, rain, humimax, humimin, soilT5, soilT10, soilT20, NO3, NH4, WFPS, DOC, pH","two years data, but we could pick up either"
barton.52,Wongan Hills,1,louise.barton@uwa.edu.au,CC-BY,http://www.N2O.net.au/knb/metacat/barton.52.55/html,doi.org/10.1016/j.agee.2013.01.003,NA,cropland,-30.8374,116.7193,6/2/2009,6/8/2011,auto chamber,4,No-Lime.ww,fertilized wheat-wheat rotation no lime,117,urea,723,13,0.017663043,"tmax, tmin, solar, rain, humimax, humimin, soilT5, soilT10, soilT20, NO3, NH4, WFPS, DOC, pH","two years data, but we could pick up either"
WagnerRiddle,Elora Research Station,1,cwagnerr@uoguelph.ca,CC-BY,https://dataverse.scholarsportal.info/dataset.xhtml?persistentId=hdl:10864/10130,https://doi.org/10.1111/j.1365-2486.2007.01388.x,https://doi.org/10.1016/j.agrformet.2008.03.006,cropland,43.38,-80.24,1/1/2000,12/31/2005,flux gradient,2,ct,"Conventional practices, CT and fert in corn-soy-wheat",80,urea,2191,0,0,"Wind, rain, RH, solar, AirT, soilt, nh4, no3, soilt, soilm","all measurements are real, or were some the interpolated values?"
WagnerRiddle,Elora Research Station,1,cwagnerr@uoguelph.ca,CC-BY,https://dataverse.scholarsportal.info/dataset.xhtml?persistentId=hdl:10864/10130,https://doi.org/10.1111/j.1365-2486.2007.01388.x,https://doi.org/10.1016/j.agrformet.2008.03.006,cropland,43.38,-80.24,1/1/2000,12/31/2005,flux gradient,2,nt,"Best management practices, No tillage with cover crop in corn-soy-wheat",60,urea and urea-ammonium nitrate,2191,0,0,"Wind, rain, RH, solar, AirT, soilt, nh4, no3, soilt, soilm","all measurements are real, or were some the interpolated values?"
dougherty.6,Nearby Sydney,1,pr.grace@qut.edu.au,CC-BY,NA,https://www.publish.csiro.au/sr/sr15330,NA,grassland,-34.1,150.7,10/30/2012,2/3/2014,auto chamber,3,urea,CONTROL standard urea,260,urea,428,33,0.071583514,"tmax, tmin, humi.min, humi.max, wind, rain, irrigarion, GSR.avg, soilM, WFPS, soilT, NH4,NO3",NA
dougherty.6,Nearby Sydney,1,pr.grace@qut.edu.au,CC-BY,NA,https://www.publish.csiro.au/sr/sr15330,NA,grassland,-34.1,150.7,10/30/2012,2/3/2014,auto chamber,3,urea+DMPP,urea + nitrification inhibitor,260,urea and nitrification inhibitor,428,33,0.071583514,"tmax, tmin, humi.min, humi.max, wind, rain, irrigarion, GSR.avg, soilM, WFPS, soilT, NH4,NO3",NA
dougherty.6,Nearby Sydney,1,pr.grace@qut.edu.au,CC-BY,NA,https://www.publish.csiro.au/sr/sr15330,NA,grassland,-34.1,150.7,10/30/2012,2/3/2014,auto chamber,3,urea+NBPT,urea + urease inhibitor,260,urea and urease inhibitor,428,33,0.071583514,"tmax, tmin, humi.min, humi.max, wind, rain, irrigarion, GSR.avg, soilM, WFPS, soilT, NH4,NO3",NA
quayle.39,"Griffith, New South Wales",1,w.quayle@deakin.edu.au,CC-BY,NA,doi.org/10.1071/SR15315,NA,cropland,-34.324,146.068,6/9/2014,11/19/2014,auto chamber,4,CONV_Irri,conventional irrigation,172.5,DAP & urea,163,0,0,"tavg, tmin, tmax, Rhavg, Rhmin, Rhmax, windavg, windmax, solar, Dew, rain, Etref_s, Etref_t, VWC",15N and leaching
quayle.39,"Griffith, New South Wales",1,w.quayle@deakin.edu.au,CC-BY,NA,doi.org/10.1071/SR15315,NA,cropland,-34.324,146.068,6/9/2014,11/19/2014,auto chamber,4,CONV_DMPP,conventional irrigation with DMPP inhibitor,172.5,DAP & urea,163,0,0,"tavg, tmin, tmax, Rhavg, Rhmin, Rhmax, windavg, windmax, solar, Dew, rain, Etref_s, Etref_t, VWC",15N and leaching
quayle.39,"Griffith, New South Wales",1,w.quayle@deakin.edu.au,CC-BY,NA,doi.org/10.1071/SR15315,NA,cropland,-34.324,146.068,6/9/2014,11/19/2014,auto chamber,4,RED_Irri,reduced deficit irrigation,172.5,DAP & urea,163,0,0,"tavg, tmin, tmax, Rhavg, Rhmin, Rhmax, windavg, windmax, solar, Dew, rain, Etref_s, Etref_t, VWC",15N and leaching
quayle.39,"Griffith, New South Wales",1,w.quayle@deakin.edu.au,CC-BY,NA,doi.org/10.1071/SR15315,NA,cropland,-34.324,146.068,6/9/2014,11/19/2014,auto chamber,4,RED_DMPP,reduced deficit irrigation with DMPP inhibitor,172.5,DAP & urea,163,0,0,"tavg, tmin, tmax, Rhavg, Rhmin, Rhmax, windavg, windmax, solar, Dew, rain, Etref_s, Etref_t, VWC",15N and leaching
quayle.33,Willbriggie,1,w.quayle@deakin.edu.au,CC-BY,NA,doi.org/10.1016/j.agrformet.2015.04.010,NA,cropland,-34.48,145.95,1/14/2014,5/16/2014,auto chamber,4,30mm_Irri,urea with 12 irrigation events of 30mm,300,urea,123,0,0,"tavg, tmin, tmax, Rhavg, Rhmin, Rhmax, windavg, windmax, solar, Dew, rain, Etref_s, Etref_t, VWC, soilT",15N and leaching
quayle.33,Willbriggie,1,w.quayle@deakin.edu.au,CC-BY,NA,doi.org/10.1016/j.agrformet.2015.04.010,NA,cropland,-34.48,145.95,1/14/2014,5/16/2014,auto chamber,4,60mm_Irri,urea with 6 irrigation events of 60 mm,300,urea,123,0,0,"tavg, tmin, tmax, Rhavg, Rhmin, Rhmax, windavg, windmax, solar, Dew, rain, Etref_s, Etref_t, VWC, soilT",15N and leaching
quayle.33,Willbriggie,1,w.quayle@deakin.edu.au,CC-BY,NA,doi.org/10.1016/j.agrformet.2015.04.010,NA,cropland,-34.48,145.95,1/14/2014,5/16/2014,auto chamber,4,90mm_Irri,urea with 4 irrigation events of 90 mm,300,urea,123,0,0,"tavg, tmin, tmax, Rhavg, Rhmin, Rhmax, windavg, windmax, solar, Dew, rain, Etref_s, Etref_t, VWC, soilT",15N and leaching
quayle.33,Willbriggie,1,w.quayle@deakin.edu.au,CC-BY,NA,doi.org/10.1016/j.agrformet.2015.04.010,NA,cropland,-34.48,145.95,1/14/2014,5/16/2014,auto chamber,4,120mm_Irri,urea with 3 irrigation events of 120 mm,300,urea,123,0,0,"tavg, tmin, tmax, Rhavg, Rhmin, Rhmax, windavg, windmax, solar, Dew, rain, Etref_s, Etref_t, VWC, soilT",15N and leaching
quayle.27,"Griffith, New South Wales",1,w.quayle@deakin.edu.au,CC-BY,NA,doi.org/10.1016/j.agrformet.2016.03.022,NA,cropland,-34.32,146.078,6/20/2013,11/18/2013,auto chamber,6,Banna_Sand_Bare_Soil,irrigated fallow,100,DAP & urea,146,5,0.033112583,"tavg, tmin, tmax, Rhavg, Rhmin, Rhmax, windavg, windmax, solar, Dew, rain, Etref_s, Etref_t, VWC, soilT",15N tracer and leaching - need to contact Dr. Quayle about some of this supplementary data
quayle.27,"Griffith, New South Wales",1,w.quayle@deakin.edu.au,CC-BY,NA,doi.org/10.1016/j.agrformet.2016.03.022,NA,cropland,-34.323,146.069,6/20/2013,11/18/2013,auto chamber,6,Banna_Sand_Wheat,irrigated wheat,100,DAP & urea,146,5,0.033112583,"tavg, tmin, tmax, Rhavg, Rhmin, Rhmax, windavg, windmax, solar, Dew, rain, Etref_s, Etref_t, VWC, soilT",15N tracer and leaching
quayle.27,"Griffith, New South Wales",1,NA,CC-BY,NA,NA,NA,cropland,-34.323,146.069,6/20/2013,11/18/2013,auto chamber,6,Hanwood_Loam_Bare_Soil,irrigated fallow,100,DAP & urea,146,5,0.033112583,"tavg, tmin, tmax, Rhavg, Rhmin, Rhmax, windavg, windmax, solar, Dew, rain, Etref_s, Etref_t, VWC, soilT",NA
quayle.27,"Griffith, New South Wales",1,NA,CC-BY,NA,NA,NA,cropland,-34.323,146.069,6/20/2013,11/18/2013,auto chamber,6,Hanwood_Loam_Wheat,irrigated wheat,100,DAP & urea,144,7,0.046357616,"tavg, tmin, tmax, Rhavg, Rhmin, Rhmax, windavg, windmax, solar, Dew, rain, Etref_s, Etref_t, VWC, soilT",NA
quayle.27,"Griffith, New South Wales",1,NA,CC-BY,NA,NA,NA,cropland,-34.323,146.069,6/20/2013,11/18/2013,auto chamber,6,Mundiwa_Clay_Loam_Bare_Soil,irrigated fallow,100,DAP & urea,145,6,0.039735099,"tavg, tmin, tmax, Rhavg, Rhmin, Rhmax, windavg, windmax, solar, Dew, rain, Etref_s, Etref_t, VWC, soilT",NA
quayle.27,"Griffith, New South Wales",1,w.quayle@deakin.edu.au,CC-BY,NA,doi.org/10.1016/j.agrformet.2016.03.022,NA,cropland,-34.603,146.382,6/20/2013,11/18/2013,auto chamber,6,Mundiwa_Clay_Loam_Wheat,irrigated wheat,100,DAP & urea,145,6,0.039735099,"tavg, tmin, tmax, Rhavg, Rhmin, Rhmax, windavg, windmax, solar, Dew, rain, Etref_s, Etref_t, VWC, soilT",15N tracer and leaching
quayle.10,Griffith,1,w.quayle@deakin.edu.au,CC-BY,http://www.N2O.net.au/knb/metacat/quayle.10.19/html,NA,NA,cropland,-34.3,146.03,12/26/2012,5/25/2013,auto chamber,4,fertilizer,bare soil + fertilizer twice - 65 kg/ha of urea,130,Urea,119,31,0.206666667,"tavg, tmin, tmax, Rhavg, Rhmin, Rhmax, windavg, windmax, solar, Dew, rain, Etref_s, Etref_t, VWC, soilT",15N tracer and leaching
quayle.10,Griffith,1,w.quayle@deakin.edu.au,CC-BY,http://www.N2O.net.au/knb/metacat/quayle.10.19/html,NA,NA,cropland,-34.3,146.03,12/26/2012,5/25/2013,auto chamber,4,bare,bare soil treatment,0,NA,119,31,0.206666667,"tavg, tmin, tmax, Rhavg, Rhmin, Rhmax, windavg, windmax, solar, Dew, rain, Etref_s, Etref_t, VWC, soilT",15N tracer and laching
quayle.10,Griffith,1,w.quayle@deakin.edu.au,CC-BY,http://www.N2O.net.au/knb/metacat/quayle.10.19/html,NA,NA,cropland,-34.3,146.03,12/26/2012,5/25/2013,auto chamber,4,stubbl,wheat stubble treatment,NA,wheat stubbl,118,32,0.213333333,"tavg, tmin, tmax, Rhavg, Rhmin, Rhmax, windavg, windmax, solar, Dew, rain, Etref_s, Etref_t, VWC, soilT",15N tracer and leaching
quayle.10,Griffith,1,w.quayle@deakin.edu.au,CC-BY,http://www.N2O.net.au/knb/metacat/quayle.10.19/html,NA,NA,cropland,-34.3,146.03,12/26/2012,5/25/2013,auto chamber,4,soybean,"soybeans sown into wheat stubble, irrigation to meet soybean requirement",NA,NA,118,32,0.213333333,"tavg, tmin, tmax, Rhavg, Rhmin, Rhmax, windavg, windmax, solar, Dew, rain, Etref_s, Etref_t, VWC, soilT",15N tracer and leaching
Ruan_2013,KBS,1,ruanleilei@gmail.com,CC-BY,https://doi.org/10.5061/dryad.s34cm,https://doi.org/10.1111/gcb.12216,https://portal.edirepository.org/nis/mapbrowse?packageid=knb-lter-kbs.2.83,cropland,42.26,-85.19,5/7/2009,11/24/2009,static chamber,3,CT_soybeans,"conventional tillage used for soybean production, coming out of CRP land",NA,NA,27,174,0.476712329,"co2, ch4, NH4, NO3, WFPS, temp, rain",average from 3 fields. may be a flux tower that could be paired with this. Need to know soybean harvest date.
Ruan_2013,KBS,1,ruanleilei@gmail.com,CC-BY,https://doi.org/10.5061/dryad.s34cm,https://doi.org/10.1111/gcb.12216,https://portal.edirepository.org/nis/mapbrowse?packageid=knb-lter-kbs.2.83,cropland,42.26,-85.19,5/7/2009,11/24/2009,static chamber,3,NT_soybeans,"no till management used for soybean production, coming out of CRP land",NA,NA,27,174,0.476712329,"co2, ch4, NH4, NO3, WFPS, temp, rain",average from 3 fields. may be a flux tower that could be paired with this
Ruan_2013,KBS,1,ruanleilei@gmail.com,CC-BY,https://doi.org/10.5061/dryad.s34cm,https://doi.org/10.1111/gcb.12216,https://portal.edirepository.org/nis/mapbrowse?packageid=knb-lter-kbs.2.83,cropland,42.26,-85.19,5/15/2009,11/17/2009,static chamber,3,CRP_reference,control CRP field,NA,NA,11,175,0.479452055,"co2, ch4, NH4, NO3, WFPS, temp, rain",average from 3 fields. may be a flux tower that could be paired with this
Ruan_2016,KBS,1,ruanleilei@gmail.com,CC-BY,https://doi.org/10.5061/dryad.f1b82,https://iopscience.iop.org/article/10.1088/1748-9326/11/6/064007,https://portal.edirepository.org/nis/mapbrowse?packageid=knb-lter-kbs.2.83,cropland,42.24,-85.24,6/16/2009,11/18/2011,static chamber,8,0,zero kilograms per hectare per year of nitrogen fertilizer applied,0,urea,83,802,0.906214689,"NO3, NH4, soilM",switchgrass biofuel across N gradient
Ruan_2016,KBS,1,ruanleilei@gmail.com,CC-BY,https://doi.org/10.5061/dryad.f1b82,https://iopscience.iop.org/article/10.1088/1748-9326/11/6/064007,https://portal.edirepository.org/nis/mapbrowse?packageid=knb-lter-kbs.2.83,cropland,42.24,-85.24,6/16/2009,11/18/2011,static chamber,8,28,twenty eight kilograms per hectare per year of nitrogen fertilizer applied,28,urea,83,802,0.906214689,"NO3, NH4, soilM",switchgrass biofuel across N gradient
Ruan_2016,KBS,1,ruanleilei@gmail.com,CC-BY,https://doi.org/10.5061/dryad.f1b82,https://iopscience.iop.org/article/10.1088/1748-9326/11/6/064007,https://portal.edirepository.org/nis/mapbrowse?packageid=knb-lter-kbs.2.83,cropland,42.24,-85.24,6/16/2009,11/18/2011,static chamber,8,56,fifty six kilograms per hectare per year of nitrogen fertilizer applied,56,urea,83,802,0.906214689,"NO3, NH4, soilM",switchgrass biofuel across N gradient
Ruan_2016,KBS,1,ruanleilei@gmail.com,CC-BY,https://doi.org/10.5061/dryad.f1b82,https://iopscience.iop.org/article/10.1088/1748-9326/11/6/064007,https://portal.edirepository.org/nis/mapbrowse?packageid=knb-lter-kbs.2.83,cropland,42.24,-85.24,6/16/2009,11/18/2011,static chamber,8,84,eighty four kilograms per hectare per year of nitrogen fertilizer applied,84,urea,83,802,0.906214689,"NO3, NH4, soilM",switchgrass biofuel across N gradient
Ruan_2016,KBS,1,ruanleilei@gmail.com,CC-BY,https://doi.org/10.5061/dryad.f1b82,https://iopscience.iop.org/article/10.1088/1748-9326/11/6/064007,https://portal.edirepository.org/nis/mapbrowse?packageid=knb-lter-kbs.2.83,cropland,42.24,-85.24,6/16/2009,11/18/2011,static chamber,8,112,one hundred and twelve kilograms per hectare per year of nitrogen fertilizer applied,112,urea,83,802,0.906214689,"NO3, NH4, soilM",switchgrass biofuel across N gradient
Ruan_2016,KBS,1,ruanleilei@gmail.com,CC-BY,https://doi.org/10.5061/dryad.f1b82,https://iopscience.iop.org/article/10.1088/1748-9326/11/6/064007,https://portal.edirepository.org/nis/mapbrowse?packageid=knb-lter-kbs.2.83,cropland,42.24,-85.24,6/16/2009,11/18/2011,static chamber,8,140,one hundred and forty kilograms per hectare per year of nitrogen fertilizer applied,140,urea,83,802,0.906214689,"NO3, NH4, soilM",switchgrass biofuel across N gradient
Ruan_2016,KBS,1,ruanleilei@gmail.com,CC-BY,https://doi.org/10.5061/dryad.f1b82,https://iopscience.iop.org/article/10.1088/1748-9326/11/6/064007,https://portal.edirepository.org/nis/mapbrowse?packageid=knb-lter-kbs.2.83,cropland,42.24,-85.24,6/16/2009,11/18/2011,static chamber,8,168,one hundred and sixty eight kilograms per hectare per year of nitrogen fertilizer applied,168,urea,83,802,0.906214689,"NO3, NH4, soilM",switchgrass biofuel across N gradient
Ruan_2016,KBS,1,ruanleilei@gmail.com,CC-BY,https://doi.org/10.5061/dryad.f1b82,https://iopscience.iop.org/article/10.1088/1748-9326/11/6/064007,https://portal.edirepository.org/nis/mapbrowse?packageid=knb-lter-kbs.2.83,cropland,42.24,-85.24,6/16/2009,11/18/2011,static chamber,8,196,one hundred and ninety six kilograms per hectare per year of nitrogen fertilizer applied,196,urea,83,802,0.906214689,"NO3, NH4, soilM",switchgrass biofuel across N gradient
Ruan_snow_2016,KBS,1,ruanleilei@gmail.com,CC-BY,https://doi.org/10.5061/dryad.9c7s3.3,https://doi.org/10.1007/s10021-016-0077-9,https://portal.edirepository.org/nis/mapbrowse?packageid=knb-lter-kbs.2.83,cropland,42.26,-85.19,12/3/2010,3/6/2013,auto chamber,3,ambient-snow,control plots where snow was neither added nor removed,85,urea ammonium nitrate,272,552,0.669902913,soilT,NA
Ruan_snow_2016,KBS,1,ruanleilei@gmail.com,CC-BY,https://doi.org/10.5061/dryad.9c7s3.3,https://doi.org/10.1007/s10021-016-0077-9,https://portal.edirepository.org/nis/mapbrowse?packageid=knb-lter-kbs.2.83,cropland,42.26,-85.19,12/3/2010,3/6/2013,auto chamber,3,double-snow,snow was added to twice the ambient levels with care to maintain snow density,85,urea ammonium nitrate,272,552,0.669902913,soilT,NA
Ruan_snow_2016,KBS,1,ruanleilei@gmail.com,CC-BY,https://doi.org/10.5061/dryad.9c7s3.3,https://doi.org/10.1007/s10021-016-0077-9,https://portal.edirepository.org/nis/mapbrowse?packageid=knb-lter-kbs.2.83,cropland,42.26,-85.19,12/3/2010,3/6/2013,auto chamber,3,no-snow,after each snow event ninety five percent of the snow was removed with a hand towel with care to not disturb snow density,85,urea ammonium nitrate,272,552,0.669902913,soilT,NA
Gelfand_2011,KBS_CRP1,1,igelfand@bgu.ac.il,CC-BY,https://doi.org/10.5061/dryad.7v378,https://doi.org/10.1073/pnas.1017277108,https://portal.edirepository.org/nis/mapbrowse?packageid=knb-lter-kbs.2.83,cropland,42.24,-85.24,5/15/2009,11/17/2009,static chamber,4,M1,first converted site,0,NA,12,174,0.935483871,"ch4, NEE",trying to get more data from the flux tower
Gelfand_2011,KBS_CRP2,1,igelfand@bgu.ac.il,CC-BY,https://doi.org/10.5061/dryad.7v378,https://doi.org/10.1073/pnas.1017277108,https://portal.edirepository.org/nis/mapbrowse?packageid=knb-lter-kbs.2.83,cropland,42.24,-85.24,5/15/2009,11/17/2009,static chamber,4,M2,second converted site,0,NA,12,174,0.935483871,"ch4, NEE",trying to get more data from the flux tower
Gelfand_2011,KBS_CRP3,1,igelfand@bgu.ac.il,CC-BY,https://doi.org/10.5061/dryad.7v378,https://doi.org/10.1073/pnas.1017277108,https://portal.edirepository.org/nis/mapbrowse?packageid=knb-lter-kbs.2.83,cropland,42.24,-85.24,5/15/2009,11/17/2009,static chamber,4,M3,third converted site,0,NA,12,174,0.935483871,"ch4, NEE",trying to get more data from the flux tower
Gelfand_2011,KBS_reference,1,igelfand@bgu.ac.il,CC-BY,https://doi.org/10.5061/dryad.7v378,https://doi.org/10.1073/pnas.1017277108,https://portal.edirepository.org/nis/mapbrowse?packageid=knb-lter-kbs.2.83,cropland,42.24,-85.24,5/15/2009,11/17/2009,static chamber,4,M4,CRP control site,0,NA,12,174,0.935483871,"ch4, NEE",trying to get more data from the flux tower
Oates_KBS_2015,KBS,1,oates@wisc.edu,CC-BY,https://doi.org/10.5061/dryad.j8227,https://doi.org/10.1111/gcbb.12268,https://portal.edirepository.org/nis/mapbrowse?packageid=knb-lter-kbs.2.83,cropland,42.24,-85.24,3/25/2009,11/17/2011,static chamber,10,G1,continuous corn grown using no-till best management practices,168,NA,43,924,0.955532575,"NH4, NO3, soilT, soilM, WFPS",asked for more data (especially weather data)
Oates_KBS_2015,KBS,1,oates@wisc.edu,CC-BY,https://doi.org/10.5061/dryad.j8227,https://doi.org/10.1111/gcbb.12268,https://portal.edirepository.org/nis/mapbrowse?packageid=knb-lter-kbs.2.83,cropland,42.24,-85.24,3/25/2009,11/17/2011,static chamber,10,G2,phases of a corn-soybean-canola rotation using best management practices for each system,75,NA,43,924,0.955532575,"NH4, NO3, soilT, soilM, WFPS",asked for more data (especially weather data)
Oates_KBS_2015,KBS,1,oates@wisc.edu,CC-BY,https://doi.org/10.5061/dryad.j8227,https://doi.org/10.1111/gcbb.12268,https://portal.edirepository.org/nis/mapbrowse?packageid=knb-lter-kbs.2.83,cropland,42.24,-85.24,3/25/2009,11/17/2011,static chamber,10,G3,phases of a corn-soybean-canola rotation using best management practices for each system,75,NA,44,923,0.954498449,"NH4, NO3, soilT, soilM, WFPS",asked for more data (especially weather data)
Oates_KBS_2015,KBS,1,oates@wisc.edu,CC-BY,https://doi.org/10.5061/dryad.j8227,https://doi.org/10.1111/gcbb.12268,https://portal.edirepository.org/nis/mapbrowse?packageid=knb-lter-kbs.2.83,cropland,42.24,-85.24,3/25/2009,11/17/2011,static chamber,10,G4,phases of a corn-soybean-canola rotation using best management practices for each system,75,NA,43,924,0.955532575,"NH4, NO3, soilT, soilM, WFPS",asked for more data (especially weather data)
Oates_KBS_2015,KBS,1,oates@wisc.edu,CC-BY,https://doi.org/10.5061/dryad.j8227,https://doi.org/10.1111/gcbb.12268,https://portal.edirepository.org/nis/mapbrowse?packageid=knb-lter-kbs.2.83,cropland,42.24,-85.24,3/25/2009,11/17/2011,static chamber,10,G5,"monoculture switchgrass harvested annually post-frost and received spring applications of nitrogen fertilizer equiv to estimated removal rate, unless noted",56,NA,41,926,0.957600827,"NH4, NO3, soilT, soilM, WFPS",asked for more data (especially weather data) 
Oates_KBS_2015,KBS,1,oates@wisc.edu,CC-BY,https://doi.org/10.5061/dryad.j8227,https://doi.org/10.1111/gcbb.12268,https://portal.edirepository.org/nis/mapbrowse?packageid=knb-lter-kbs.2.83,cropland,42.24,-85.24,3/25/2009,11/17/2011,static chamber,10,G6,"miscanthus  harvested annually post-frost and received spring applications of nitrogen fertilizer equiv to estimated removal rates, unless noted",56,NA,45,922,0.953464323,"NH4, NO3, soilT, soilM, WFPS",asked for more data (especially weather data)
Oates_KBS_2015,KBS,1,oates@wisc.edu,CC-BY,https://doi.org/10.5061/dryad.j8227,https://doi.org/10.1111/gcbb.12268,https://portal.edirepository.org/nis/mapbrowse?packageid=knb-lter-kbs.2.83,cropland,42.24,-85.24,3/25/2009,11/17/2011,static chamber,10,G7,mixture of native grasses harvested annually post-frost and received spring applications of nitrogen fertilizer equiv to estimated removal rates- unless noted,56,NA,39,928,0.95966908,"NH4, NO3, soilT, soilM, WFPS",asked for more data (especially weather data)
Oates_KBS_2015,KBS,1,oates@wisc.edu,CC-BY,https://doi.org/10.5061/dryad.j8227,https://doi.org/10.1111/gcbb.12268,https://portal.edirepository.org/nis/mapbrowse?packageid=knb-lter-kbs.2.83,Forest,42.24,-85.24,3/25/2009,11/17/2011,static chamber,10,G8,hybrid poplar harvested annually post-frost and received spring applications of nitrogen fertilizer equiv to estimated removal rates- unless noted,157,NA,46,921,0.952430196,"NH4, NO3, soilT, soilM, WFPS",asked for more data (especially weather data)
Oates_KBS_2015,KBS,1,oates@wisc.edu,CC-BY,https://doi.org/10.5061/dryad.j8227,https://doi.org/10.1111/gcbb.12268,https://portal.edirepository.org/nis/mapbrowse?packageid=knb-lter-kbs.2.83,cropland,42.24,-85.24,3/25/2009,11/17/2011,static chamber,10,G9,early successional field harvested annually post-frost and received spring applications of nitrogen fertilize equiv to estimated removal rates- unless noted,56,NA,39,928,0.95966908,"NH4, NO3, soilT, soilM, WFPS",asked for more data (especially weather data)
Oates_KBS_2015,KBS,1,oates@wisc.edu,CC-BY,https://doi.org/10.5061/dryad.j8227,https://doi.org/10.1111/gcbb.12268,https://portal.edirepository.org/nis/mapbrowse?packageid=knb-lter-kbs.2.83,cropland,42.24,-85.24,3/25/2009,11/17/2011,static chamber,10,G10,mixture of native prairie species unfertilized harvested annually post-frost and received spring applications of nitrogen fertilize equiv to estimated removal rates- unless noted,0,NA,39,928,0.95966908,"NH4, NO3, soilT, soilM, WFPS",asked for more data (especially weather data)
Oates_Arlington_2015,Arlington,1,oates@wisc.edu,CC-BY,https://doi.org/10.5061/dryad.j8227,https://doi.org/10.1111/gcbb.12268,NA,cropland,43.17,-89.22,4/7/2009,12/12/2011,static chamber,10,G1,continuous corn grown using no-till best management practices,150,NA,56,923,0.942798774,"NH4, NO3, soilT, soilM, WFPS",asked for more data (especially weather data)
Oates_Arlington_2015,Arlington,1,oates@wisc.edu,CC-BY,https://doi.org/10.5061/dryad.j8227,https://doi.org/10.1111/gcbb.12268,NA,cropland,43.17,-89.22,4/7/2009,12/12/2011,static chamber,10,G2,phases of a corn-soybean-canola rotation using best management practices for each system,75,NA,55,924,0.943820225,"NH4, NO3, soilT, soilM, WFPS",asked for more data (especially weather data)
Oates_Arlington_2015,Arlington,1,oates@wisc.edu,CC-BY,https://doi.org/10.5061/dryad.j8227,https://doi.org/10.1111/gcbb.12268,NA,cropland,43.17,-89.22,4/7/2009,12/12/2011,static chamber,10,G3,phases of a corn-soybean-canola rotation using best management practices for each system,75,NA,54,925,0.944841675,"NH4, NO3, soilT, soilM, WFPS",asked for more data (especially weather data)
Oates_Arlington_2015,Arlington,1,oates@wisc.edu,CC-BY,https://doi.org/10.5061/dryad.j8227,https://doi.org/10.1111/gcbb.12268,NA,cropland,43.17,-89.22,4/7/2009,12/12/2011,static chamber,10,G4,phases of a corn-soybean-canola rotation using best management practices for each system,75,NA,55,924,0.943820225,"NH4, NO3, soilT, soilM, WFPS",asked for more data (especially weather data)
Oates_Arlington_2015,Arlington,1,oates@wisc.edu,CC-BY,https://doi.org/10.5061/dryad.j8227,https://doi.org/10.1111/gcbb.12268,NA,cropland,43.17,-89.22,4/7/2009,12/12/2011,static chamber,10,G5,monoculture switchgrass harvested annually post-frost and received spring applications of nitrogen fertilizerequiv to estimated removal rates- unless noted,56,NA,56,923,0.942798774,"NH4, NO3, soilT, soilM, WFPS",asked for more data (especially weather data)
Oates_Arlington_2015,Arlington,1,oates@wisc.edu,CC-BY,https://doi.org/10.5061/dryad.j8227,https://doi.org/10.1111/gcbb.12268,NA,cropland,43.17,-89.22,4/7/2009,12/12/2011,static chamber,10,G6,"miscanthus,  harvested annually post-frost and received spring applications of nitrogen fertilizer equiv to estimated removal rates- unless noted",56,NA,40,939,0.959141982,"NH4, NO3, soilT, soilM, WFPS",asked for more data (especially weather data)
Oates_Arlington_2015,Arlington,1,oates@wisc.edu,CC-BY,https://doi.org/10.5061/dryad.j8227,https://doi.org/10.1111/gcbb.12268,NA,cropland,43.17,-89.22,4/7/2009,12/12/2011,static chamber,10,G7,mixture of native grasses harvested annually post-frost and received spring applications of nitrogen fertilizer equiv to estimated removal rates- unless noted,56,NA,56,923,0.942798774,"NH4, NO3, soilT, soilM, WFPS",asked for more data (especially weather data)
Oates_Arlington_2015,Arlington,1,oates@wisc.edu,CC-BY,https://doi.org/10.5061/dryad.j8227,https://doi.org/10.1111/gcbb.12268,NA,Forest,43.17,-89.22,4/7/2009,12/12/2011,static chamber,10,G8,hybrid poplar harvested annually post-frost and received spring applications of nitrogen fertilizer equiv to  estimated removal rates- unless noted,213,NA,56,923,0.942798774,"NH4, NO3, soilT, soilM, WFPS",asked for more data (especially weather data)
Oates_Arlington_2015,Arlington,1,oates@wisc.edu,CC-BY,https://doi.org/10.5061/dryad.j8227,https://doi.org/10.1111/gcbb.12268,NA,cropland,43.17,-89.22,4/7/2009,12/12/2011,static chamber,10,G9,early successional field harvested annually post-frost and received spring applications of nitrogen fertilizer equiv to estimated removal rates- unless noted,56,NA,53,926,0.945863126,"NH4, NO3, soilT, soilM, WFPS",asked for more data (especially weather data)
Oates_Arlington_2015,Arlington,1,oates@wisc.edu,CC-BY,https://doi.org/10.5061/dryad.j8227,https://doi.org/10.1111/gcbb.12268,NA,cropland,43.17,-89.22,4/7/2009,12/12/2011,static chamber,10,G10,mixture of native prairie species unfertilized harvested annually post-frost and received spring applications of nitrogen fertilizer equiv to estimated removal rates- unless noted,0,NA,55,924,0.943820225,"NH4, NO3, soilT, soilM, WFPS",asked for more data (especially weather data)
Gelfand_2016,KBS,1,igelfand@bgu.ac.il,CC-BY,https://doi:10.5061/dryad.bb095,https://onlinelibrary.wiley.com/doi/full/10.1111/gcb.13426,NA,cropland,42.24,-85.24,6/12/1991,10/7/2016,static chamber,11,T1,corn-soy-wheat CT,70,NA,343,8906,0.96291491,"NH4, NO3, soilT, soilM",NA
Gelfand_2016,KBS,1,igelfand@bgu.ac.il,CC-BY,https://doi:10.5061/dryad.bb095,https://onlinelibrary.wiley.com/doi/full/10.1111/gcb.13426,NA,cropland,42.24,-85.24,6/12/1991,10/7/2016,static chamber,11,T2,corn-soy-wheat NT,70,NA,340,8909,0.963239269,"NH4, NO3, soilT, soilM",NA
Gelfand_2016,KBS,1,igelfand@bgu.ac.il,CC-BY,https://doi:10.5061/dryad.bb095,https://onlinelibrary.wiley.com/doi/full/10.1111/gcb.13426,NA,cropland,42.24,-85.24,6/12/1991,10/7/2016,static chamber,11,T3,corn-soy-wheat NT with cover crops and reduced N,70,NA,316,8933,0.965834144,"NH4, NO3, soilT, soilM",NA
Gelfand_2016,KBS,1,igelfand@bgu.ac.il,CC-BY,https://doi:10.5061/dryad.bb095,https://onlinelibrary.wiley.com/doi/full/10.1111/gcb.13426,NA,cropland,42.24,-85.24,7/16/1991,10/7/2016,static chamber,11,T4,corn-soy-wheat organic with manure,NA,NA,332,8883,0.963971785,"NH4, NO3, soilT, soilM",NA
Gelfand_2016,KBS,1,igelfand@bgu.ac.il,CC-BY,https://doi:10.5061/dryad.bb095,https://onlinelibrary.wiley.com/doi/full/10.1111/gcb.13426,NA,Forest,42.24,-85.24,6/12/1991,10/7/2016,static chamber,11,T5,Poplar plantation,NA,NA,307,8942,0.966807222,"NH4, NO3, soilT, soilM",NA
Gelfand_2016,KBS,1,igelfand@bgu.ac.il,CC-BY,https://doi:10.5061/dryad.bb095,https://onlinelibrary.wiley.com/doi/full/10.1111/gcb.13426,NA,cropland,42.24,-85.24,6/12/1991,10/7/2016,static chamber,11,T6,Alfalfa,NA,NA,305,8944,0.967023462,"NH4, NO3, soilT, soilM",NA
Gelfand_2016,KBS,1,igelfand@bgu.ac.il,CC-BY,https://doi:10.5061/dryad.bb095,https://onlinelibrary.wiley.com/doi/full/10.1111/gcb.13426,NA,Forest,42.24,-85.24,5/13/1993,11/10/2011,static chamber,11,TCF,Coniferous forest plantation,NA,NA,93,6662,0.98623242,"NH4, NO3, soilT, soilM",NA
Gelfand_2016,KBS,1,igelfand@bgu.ac.il,CC-BY,https://doi:10.5061/dryad.bb095,https://onlinelibrary.wiley.com/doi/full/10.1111/gcb.13426,NA,cropland,42.24,-85.24,6/12/1992,10/7/2016,static chamber,11,T8,Never-tilled mown grassland with herbaceous vegetation mown every fall,NA,NA,191,8692,0.978498255,"NH4, NO3, soilT, soilM",NA
Gelfand_2016,KBS,1,igelfand@bgu.ac.il,CC-BY,https://doi:10.5061/dryad.bb095,https://onlinelibrary.wiley.com/doi/full/10.1111/gcb.13426,NA,Forest,42.24,-85.24,6/12/1991,10/7/2016,static chamber,11,T7,Early Successional,NA,NA,324,8925,0.964969186,"NH4, NO3, soilT, soilM",NA
Gelfand_2016,KBS,1,igelfand@bgu.ac.il,CC-BY,https://doi:10.5061/dryad.bb095,https://onlinelibrary.wiley.com/doi/full/10.1111/gcb.13426,NA,Forest,42.24,-85.24,6/17/1993,11/10/2011,static chamber,11,TSF,Mid-successional community,NA,NA,88,6632,0.986904762,"NH4, NO3, soilT, soilM",NA
Gelfand_2016,KBS,1,igelfand@bgu.ac.il,CC-BY,https://doi:10.5061/dryad.bb095,https://onlinelibrary.wiley.com/doi/full/10.1111/gcb.13426,NA,Forest,42.24,-85.24,5/13/1993,11/10/2011,static chamber,11,TDF,Deciduous forest,NA,NA,237,6518,0.964914878,"NH4, NO3, soilT, soilM",NA
FrancisClar,FrancisClar,1,francisclar@wisc.edu,CC-BY,https://minds.wisconsin.edu/handle/1793/79416,https://doi.org/10.1002/saj2.20132,NA,cropland,47.12,8.24,4/2/2015,7/25/2018,auto chamber,2,row,on the planting row,215,Urea/UAN,580,541,48.26048171,"VWC, soilt",covariate data only available for 2015 currently
FrancisClar,FrancisClar,1,francisclar@wisc.edu,CC-BY,https://minds.wisconsin.edu/handle/1793/79416,https://doi.org/10.1002/saj2.20132,NA,cropland,47.12,8.24,4/2/2015,7/25/2018,auto chamber,2,band,on the top of fertilization band,215,Urea/UAN,583,538,47.99286351,"VWC, soilt","no info for Trt, need to be checked"
Fuchs.Chamau,Fuchs.Chamau,1,kathrin.fuchs@kit.edu,CC BY-NC-SA 4.0,NA,https://www.research-collection.ethz.ch/handle/20.500.11850/342267,https://doi.org/10.1029/2019jg005261,Pasture,47.12,8.24,1/1/2013,12/31/2016,eddy covariance,3,ParcelA.Control,Grassland with 4-6 harvests and post harvest slurry application,266,liquid slurry,1331,130,8.898015058,"soilt.10, wfps, soilN, DOC, ET, NEE, crop yield",NA
Fuchs.Chamau,Fuchs.Chamau,1,kathrin.fuchs@kit.edu,CC BY-NC-SA 4.0,NA,NA,NA,Pasture,47.12,8.24,1/1/2013,12/31/2014,eddy covariance,3,ParcelB.Control,Grassland with 4-6 harvests and post harvest slurry application,266,liquid slurry,726,4,0.273785079,"soilt.10, wfps, soilN, DOC, ET, NEE, crop yield",NA
Fuchs.Chamau,Fuchs.Chamau,1,kathrin.fuchs@kit.edu,CC BY-NC-SA 4.0,NA,NA,NA,Pasture,47.12,8.24,1/1/2015,12/31/2016,eddy covariance,3,ParcelB.Clover,"Clover oversowed on grass, no liquid slurry applied",0,None,627,104,7.118412047,"soilt.10, wfps, soilN, DOC, ET, NEE, crop yield",NA
fogarty.8,Hamilton,1,pr.grace@qut.edu.au,CC-BY,http://www.n2o.net.au/knb/metacat/fogarty.8.26/html,NA,NA,cropland,-37.73,142.02,2/1/2010,1/31/2011,NA,4,T1,winter wheat planted by direct drilling into sprayed out long term pasture,NA,NA,315,49,0.134246575,NA,NA
fogarty.8,Hamilton,1,pr.grace@qut.edu.au,CC-BY,http://www.n2o.net.au/knb/metacat/fogarty.8.26/html,NA,NA,cropland,-37.73,142.02,2/1/2010,1/31/2011,NA,4,T2,"As for treatment 1, with nitrification inhibitor sprayed onto the plots as DCD at 10 kg/ha",NA,NA,331,33,0.090410959,NA,NA
fogarty.8,Hamilton,1,pr.grace@qut.edu.au,CC-BY,http://www.n2o.net.au/knb/metacat/fogarty.8.26/html,NA,NA,cropland,-37.73,142.02,2/1/2010,1/31/2011,NA,4,T3,winter wheat planted after conventional cultivation of the soil,NA,NA,347,17,0.046575342,NA,NA
fogarty.8,Hamilton,1,pr.grace@qut.edu.au,CC-BY,http://www.n2o.net.au/knb/metacat/fogarty.8.26/html,NA,NA,cropland,-37.73,142.02,2/1/2010,1/31/2011,NA,4,T4,"As for treatment 3, with DCD also applied at least twice during the year.",NA,NA,348,16,0.043835616,NA,NA
dougherty.8,NA,1,pr.grace@qut.edu.au,CC-BY,NA,NA,NA,NA,-34.0544,150.6958,2/3/2014,4/30/2015,NA,4,0n,0 kg N applied,0,NA,437,14,0.038356164,"tmax, tmin, humi.min, humi.max, wind, rain, irrigarion, GSR.avg, soilM, WFPS, soilT, NH4, NO3",NA
dougherty.8,NA,1,pr.grace@qut.edu.au,CC-BY,NA,NA,NA,NA,-34.0544,150.6958,2/3/2014,4/30/2015,NA,4,25n,25 kg N applied,25,NA,437,14,0.038356164,"tmax, tmin, humi.min, humi.max, wind, rain, irrigarion, GSR.avg, soilM, WFPS, soilT, NH4, NO3",NA
dougherty.8,NA,1,pr.grace@qut.edu.au,CC-BY,NA,NA,NA,NA,-34.0544,150.6958,2/3/2014,4/30/2015,NA,4,100n,100 kg N applied,100,NA,437,14,0.038356164,"tmax, tmin, humi.min, humi.max, wind, rain, irrigarion, GSR.avg, soilM, WFPS, soilT, NH4, NO3",NA
dougherty.8,NA,1,pr.grace@qut.edu.au,CC-BY,NA,NA,NA,NA,-34.0544,150.6958,2/3/2014,4/30/2015,NA,4,50n,50 kg N applied,50,NA,437,14,0.031042129,"tmax, tmin, humi.min, humi.max, wind, rain, irrigarion, GSR.avg, soilM, WFPS, soilT, NH4, NO3",NA
Zhang_Yt,Rice paddy,1,NA,NA,NA,Pub is on process,NA,cropland,28.15,116.55,11/28/2008,11/5/2014,static chamber,5,NT-FS,neither tillage nor drainage with rice stubble return,180,Urea,75,2094,0.965421853,"tmax, tmin, rain, soilt.5, soilm",NA
Zhang_Yt,Rice paddy,1,gbzhang@issas.ac.cn,NA,NA,NA,NA,cropland,28.15,116.55,11/28/2008,11/5/2014,static chamber,5,CT-DS,conventional tillage and drainage with rice stubble return,180,Urea,89,2080,0.958967266,"tmax, tmin, rain, soilt.5, soilm",NA
Zhang_Yt,Rice paddy,1,NA,NA,NA,NA,NA,cropland,28.15,116.55,11/28/2008,11/5/2014,static chamber,5,CT-D,conventional tillage and drainage without rice stubble return,180,Urea,84,2085,0.961272476,"tmax, tmin, rain, soilt.5, soilm",NA
Zhang_Yt,Rice paddy,1,NA,NA,NA,NA,NA,cropland,28.15,116.55,11/28/2008,11/5/2014,static chamber,5,CT-FS,conventional tillage and no drainage with rice stubble return,180,Urea,79,2090,0.963577686,"tmax, tmin, rain, soilt.5, soilm",NA
Zhang_Yt,Rice paddy,1,NA,NA,NA,NA,NA,cropland,28.15,116.55,11/28/2008,11/5/2014,static chamber,5,CT-F,conventional tillage and no drainage without rice stubble return,180,Urea,71,2098,0.967266021,"tmax, tmin, rain, soilt.5, soilm",NA
China_CS,Changsha,1,gxpan@njau.edu.cn,NA,NA,doi:10.1016/j.ecoleng.2012.01.016,NA,cropland,28.08,104.1,7/24/2010,10/18/2010,static chamber,4,C0N0,"no biochar amendment, no N fertilizer",0,NA,13,74,0.850574713,"tmax, tmin, rain,",NA
China_CS,Changsha,1,NA,NA,NA,doi:10.1016/j.ecoleng.2012.01.016,NA,cropland,28.08,104.1,7/24/2010,10/18/2010,static chamber,4,C0N20,"no biochar amendment, urea applied",240,Urea,13,74,0.850574713,"tmax, tmin, rain,",NA
China_CS,Changsha,1,NA,NA,NA,doi:10.1016/j.ecoleng.2012.01.016,NA,cropland,28.08,104.1,7/24/2010,10/18/2010,static chamber,4,C20N20,"20 t/ha biochar amendment, urea applied",240,Urea,13,74,0.850574713,"tmax, tmin, rain,",NA
China_CS,Changsha,1,NA,NA,NA,doi:10.1016/j.ecoleng.2012.01.016,NA,cropland,28.08,104.1,7/24/2010,10/18/2010,static chamber,4,C40N20,"40 t/ha biochar amendment, urea applied",240,Urea,13,74,0.850574713,"tmax, tmin, rain,",NA
China_JX,Jinxian,1,gxpan@njau.edu.cn,NA,NA,doi:10.1016/j.ecoleng.2012.01.016,NA,cropland,28.15,116.2,8/3/2010,11/3/2010,static chamber,4,C0N0,"no biochar amendment, no N fertilizer",0,NA,14,79,0.849462366,"tmax, tmin, rain,",NA
China_JX,Jinxian,1,NA,NA,NA,doi:10.1016/j.ecoleng.2012.01.016,NA,cropland,28.15,116.2,8/3/2010,11/3/2010,static chamber,4,C0N20,"no biochar amendment, urea applied",300,Urea,14,79,0.849462366,"tmax, tmin, rain,",NA
China_JX,Jinxian,1,NA,NA,NA,doi:10.1016/j.ecoleng.2012.01.016,NA,cropland,28.15,116.2,8/3/2010,11/3/2010,static chamber,4,C20N20,"20 t/ha biochar amendment, urea applied",300,Urea,14,79,0.849462366,"tmax, tmin, rain,",NA
China_JX,Jinxian,1,NA,NA,NA,doi:10.1016/j.ecoleng.2012.01.016,NA,cropland,28.15,116.2,8/3/2010,11/3/2010,static chamber,4,C40N20,"40 t/ha biochar amendment, urea applied",300,Urea,14,79,0.849462366,"tmax, tmin, rain,",NA
China_GH,Guanghan,1,gxpan@njau.edu.cn,NA,NA,doi:10.1016/j.ecoleng.2012.01.016,NA,cropland,31.03,104.1,6/13/2010,9/23/2010,static chamber,4,C0N0,"no biochar amendment, no N fertilizer",0,NA,15,88,0.854368932,"tmax, tmin, rain,",NA
China_GH,Guanghan,1,NA,NA,NA,doi:10.1016/j.ecoleng.2012.01.016,NA,cropland,31.03,104.1,6/13/2010,9/23/2010,static chamber,4,C0N1,"no biochar amendment, urea applied",240,Urea,15,88,0.854368932,"tmax, tmin, rain,",NA
China_GH,Guanghan,1,NA,NA,NA,doi:10.1016/j.ecoleng.2012.01.016,NA,cropland,31.03,104.1,6/13/2010,9/23/2010,static chamber,4,C1N1,"20 t/ha biochar amendment, urea applied",240,Urea,15,88,0.854368932,"tmax, tmin, rain,",NA
China_GH,Guanghan,1,NA,NA,NA,doi:10.1016/j.ecoleng.2012.01.016,NA,cropland,31.03,104.1,6/13/2010,9/23/2010,static chamber,4,C2N1,"40 t/ha biochar amendment, urea applied",240,Urea,15,88,0.854368932,"tmax, tmin, rain,",NA
Tgas_Manitoba,Tgas_Glenlea_tillage,1,Mario.Tenuta@umanitoba.ca,NA,https://soilecology.ca/tgas-man-data/,http://dx.doi.org/10.1016/j.agrformet.2012.06.015,NA,cropland,49.64,-97.16,1/1/2006,4/30/2008,flux gradient,4,Field1-rt,"reduced tillage - maize, faba",110,granular urea,481,370,0.434782609,"airt, RH, pressure, solar, wind, rain, soilt.5, soilt.10, soilt.20, soilm.10, soilm.30, co2, GPP, NEP, respiration",NA
Tgas_Manitoba,Tgas_Glenlea_tillage,1,Mario.Tenuta@umanitoba.ca,NA,https://soilecology.ca/tgas-man-data/,http://dx.doi.org/10.1016/j.agrformet.2012.06.015,NA,cropland,49.64,-97.16,1/1/2006,4/30/2008,flux gradient,4,Field2-ct,"conventional tillage - maize, faba, spring wheat",55,granular urea,526,325,0.381903643,"airt, RH, pressure, solar, wind, rain, soilt.5, soilt.10, soilt.20, soilm.10, soilm.30, co2, GPP, NEP, respiration",NA
Tgas_Manitoba,Tgas_Glenlea_tillage,1,Mario.Tenuta@umanitoba.ca,NA,https://soilecology.ca/tgas-man-data/,http://dx.doi.org/10.1016/j.agrformet.2012.06.015,NA,cropland,49.64,-97.16,1/1/2006,4/30/2008,flux gradient,4,Field3-ct,"conventional tillage - maize, faba, spring wheat",55,granular urea,499,352,0.413631022,"airt, RH, pressure, solar, wind, rain, soilt.5, soilt.10, soilt.20, soilm.10, soilm.30, co2, GPP, NEP, respiration",NA
Tgas_Manitoba,Tgas_Glenlea_tillage,1,Mario.Tenuta@umanitoba.ca,NA,https://soilecology.ca/tgas-man-data/,http://dx.doi.org/10.1016/j.agrformet.2012.06.015,NA,cropland,49.64,-97.16,1/1/2006,4/30/2008,flux gradient,4,Field4-rt,"reduced tillage - maize, faba",110,granular urea,465,386,0.453584019,"airt, RH, pressure, solar, wind, rain, soilt.5, soilt.10, soilt.20, soilm.10, soilm.30, co2, GPP, NEP, respiration",NA
Tgas_Manitoba,Tgas_Glenlea_annual_perennial,1,Mario.Tenuta@umanitoba.ca,NA,https://soilecology.ca/tgas-man-data/,doi:10.4141/CJSS2013-025,NA,cropland,49.64,-97.16,5/1/2008,10/14/2012,flux gradient,4,Field1-perennial,annual converted to perennial,0,NA,1057,571,0.670975323,"airt, RH, pressure, solar, wind, rain, soilt.5, soilt.10, soilt.20, soilm.10, soilm.30, co2, GPP, NEP, respiration",NA
Tgas_Manitoba,Tgas_Glenlea_annual_perennial,1,Mario.Tenuta@umanitoba.ca,NA,https://soilecology.ca/tgas-man-data/,doi:10.4141/CJSS2013-025,NA,cropland,49.64,-97.16,5/1/2008,10/14/2010,flux gradient,4,Field2-annual,"annual (wheat, canola, barley)",122,granular urea,500,397,0.442586399,"airt, RH, pressure, solar, wind, rain, soilt.5, soilt.10, soilt.20, soilm.10, soilm.30, co2, GPP, NEP, respiration",NA
Tgas_Manitoba,Tgas_Glenlea_annual_perennial,1,Mario.Tenuta@umanitoba.ca,NA,https://soilecology.ca/tgas-man-data/,doi:10.4141/CJSS2013-025,NA,cropland,49.64,-97.16,5/1/2008,10/14/2010,flux gradient,4,Field3-annual,"annual (wheat, canola, barley)",122,granular urea,478,419,0.467112598,"airt, RH, pressure, solar, wind, rain, soilt.5, soilt.10, soilt.20, soilm.10, soilm.30, co2, GPP, NEP, respiration",NA
Tgas_Manitoba,Tgas_Glenlea_annual_perennial,1,Mario.Tenuta@umanitoba.ca,NA,https://soilecology.ca/tgas-man-data/,doi:10.4141/CJSS2013-025,NA,cropland,49.64,-97.16,5/1/2008,10/14/2012,flux gradient,4,Field4-perennial,annual converted to perennial,0,NA,906,722,0.443488943,"airt, RH, pressure, solar, wind, rain, soilt.5, soilt.10, soilt.20, soilm.10, soilm.30, co2, GPP, NEP, respiration",NA
Tgas_Manitoba,Tgas_Glenlea_fert_timing,1,Mario.Tenuta@umanitoba.ca,NA,https://soilecology.ca/tgas-man-data/,doi:10.2134/jeq2015.03.0159,NA,cropland,49.64,-97.16,10/15/2010,10/14/2012,flux gradient,2,Field2-ferttime,"spring-maize, preplant fert vs late fall fert",146,anhydrous ammonia,501,230,0.314637483,"airt, RH, pressure, solar, wind, rain, soilt.5, soilt.10, soilt.20, soilm.10, soilm.30, co2, GPP, NEP, respiration",NA
Tgas_Manitoba,Tgas_Glenlea_fert_timing,1,Mario.Tenuta@umanitoba.ca,NA,https://soilecology.ca/tgas-man-data/,doi:10.2134/jeq2015.03.0159,NA,cropland,49.64,-97.16,10/15/2010,10/14/2012,flux gradient,2,Field3-ferttime,"spring-maize, preplant fert vs late fall fert",146,anhydrous ammonia,510,221,0.302325581,"airt, RH, pressure, solar, wind, rain, soilt.5, soilt.10, soilt.20, soilm.10, soilm.30, co2, GPP, NEP, respiration",NA
Tgas_Manitoba,Tgas_Glenlea_conventional,1,Mario.Tenuta@umanitoba.ca,NA,https://soilecology.ca/tgas-man-data/,http://dx.doi.org/10.1016/j.agrformet.2017.08.039,https://doi.org/10.1016/j.agrformet.2019.107636,cropland,49.64,-97.16,10/15/2012,8/28/2018,flux gradient,4,Field1,conventional mgmt (soy-wheat-maize-canola) monitoring,92.8,anhydrous ammonia+granular urea,960,1184,0.552238806,"airt, RH, pressure, solar, wind, rain, soilt.5, soilt.10, soilt.20, soilm.10, soilm.30, co2, GPP, NEP, respiration",NA
Tgas_Manitoba,Tgas_Glenlea_conventional,1,Mario.Tenuta@umanitoba.ca,NA,https://soilecology.ca/tgas-man-data/,http://dx.doi.org/10.1016/j.agrformet.2017.08.039,https://doi.org/10.1016/j.agrformet.2019.107636,cropland,49.64,-97.16,10/15/2012,8/28/2018,flux gradient,4,Field2,conventional mgmt (soy-wheat-maize-canola) monitoring,92.8,anhydrous ammonia+granular urea,1037,1107,0.516324627,"airt, RH, pressure, solar, wind, rain, soilt.5, soilt.10, soilt.20, soilm.10, soilm.30, co2, GPP, NEP, respiration",NA
Tgas_Manitoba,Tgas_Glenlea_conventional,1,Mario.Tenuta@umanitoba.ca,NA,https://soilecology.ca/tgas-man-data/,http://dx.doi.org/10.1016/j.agrformet.2017.08.039,https://doi.org/10.1016/j.agrformet.2019.107636,cropland,49.64,-97.16,10/15/2012,8/28/2018,flux gradient,4,Field3,conventional mgmt (soy-wheat-maize-canola) monitoring,92.8,anhydrous ammonia+granular urea,962,1182,0.55130597,"airt, RH, pressure, solar, wind, rain, soilt.5, soilt.10, soilt.20, soilm.10, soilm.30, co2, GPP, NEP, respiration",NA
Tgas_Manitoba,Tgas_Glenlea_conventional,1,Mario.Tenuta@umanitoba.ca,NA,https://soilecology.ca/tgas-man-data/,http://dx.doi.org/10.1016/j.agrformet.2017.08.039,https://doi.org/10.1016/j.agrformet.2019.107636,cropland,49.64,-97.16,10/15/2012,8/28/2018,flux gradient,4,Field4,conventional mgmt (soy-wheat-maize-canola) monitoring,92.8,anhydrous ammonia+granular urea,1009,1135,0.529384328,"airt, RH, pressure, solar, wind, rain, soilt.5, soilt.10, soilt.20, soilm.10, soilm.30, co2, GPP, NEP, respiration",NA
Tgas_Manitoba,Tgas_Glenlea_covercrop,1,Mario.Tenuta@umanitoba.ca,NA,https://soilecology.ca/tgas-man-data/,NA,NA,cropland,49.64,-97.16,8/29/2018,NA,flux gradient,4,Field1-oats,oats,NA,NA,NA,NA,NA,"airt, RH, pressure, solar, wind, rain, soilt.5, soilt.10, soilt.20, soilm.10, soilm.30, co2, GPP, NEP, respiration",ongoing - no end date yet
Tgas_Manitoba,Tgas_Glenlea_covercrop,1,Mario.Tenuta@umanitoba.ca,NA,https://soilecology.ca/tgas-man-data/,NA,NA,cropland,49.64,-97.16,8/29/2018,NA,flux gradient,4,Field2-fallryecover,"fall rye with no fertilizer, oats",NA,NA,NA,NA,NA,"airt, RH, pressure, solar, wind, rain, soilt.5, soilt.10, soilt.20, soilm.10, soilm.30, co2, GPP, NEP, respiration",ongoing - no end date yet
Tgas_Manitoba,Tgas_Glenlea_covercrop,1,Mario.Tenuta@umanitoba.ca,NA,https://soilecology.ca/tgas-man-data/,NA,NA,cropland,49.64,-97.16,8/29/2018,NA,flux gradient,4,Field3-fallryecover,"fall rye with no fertilizer, oats",NA,NA,NA,NA,NA,"airt, RH, pressure, solar, wind, rain, soilt.5, soilt.10, soilt.20, soilm.10, soilm.30, co2, GPP, NEP, respiration",ongoing - no end date yet
Tgas_Manitoba,Tgas_Glenlea_covercrop,1,Mario.Tenuta@umanitoba.ca,NA,https://soilecology.ca/tgas-man-data/,NA,NA,cropland,49.64,-97.16,8/29/2018,NA,flux gradient,4,Field4-oats,oats,NA,NA,NA,NA,NA,"airt, RH, pressure, solar, wind, rain, soilt.5, soilt.10, soilt.20, soilm.10, soilm.30, co2, GPP, NEP, respiration",ongoing - no end date yet
Tgas_Manitoba,Tgas_all,1,Mario.Tenuta@umanitoba.ca,NA,https://soilecology.ca/tgas-man-data/,https://doi.org/10.1016/j.agrformet.2019.107636,NA,cropland,49.64,-97.16,1/1/2006,8/29/2018,flux gradient,2,annual,complex rotations,93.5,Urea,2622,1397,0.347598905,"airt, RH, pressure, solar, wind, rain, soilt.5, soilt.10, soilt.20, soilm.10, soilm.30, co2, GPP, NEP, respiration",NA
Tgas_Manitoba,Tgas_all,1,Mario.Tenuta@umanitoba.ca,NA,https://soilecology.ca/tgas-man-data/,https://doi.org/10.1016/j.agrformet.2019.107636,NA,cropland,49.64,-97.16,1/1/2006,8/29/2018,flux gradient,2,annual perennial,complex rotations,52.2,Urea,2622,1397,0.347598905,"airt, RH, pressure, solar, wind, rain, soilt.5, soilt.10, soilt.20, soilm.10, soilm.30, co2, GPP, NEP, respiration",NA
